SerialNumber,Red,Green,Blue,Date,Label
1,0.4575,0.6422,3.0108,,Original
1,,,,,
1,,,,,
2,1.2432,1.5681,3.1364,,Original
2,1.3609,1.6501,3.5692,2016-Feb-25,PreIRCorrection
2,1.2873,1.8265,3.8653,2016-Apr-06,PostIRCorrection
3,1.2545,1.6829,3,,Original
3,1.4608,1.8799,3.6988,2016-Feb-25,PreIRCorrection
3,1.5336,1.9486,4.0069,2016-Apr-06,PostIRCorrection
4,0.4575,0.6422,3.0108,,Original
4,,,,,
4,,,,,
5,1.3878,1.619,3.0909,,Original
5,1.3313,1.6456,3.4145,2016-Feb-25,PreIRCorrection
5,1.6118,1.9544,4.2591,2016-Apr-06,PostIRCorrection
6,1.4468,2.0299,3.3171,,Original
6,1.3371,1.6709,3.3866,2016-Feb-25,PreIRCorrection
6,1.5529,1.9321,4.0321,2016-Apr-06,PostIRCorrection
7,1.2182,1.5424,2.814,,Original
7,1.1794,1.4819,2.9497,2016-Feb-24,PreIRCorrection
7,1.3961,1.6997,3.6593,2016-Apr-06,PostIRCorrection
8,1.3097,1.7011,3.2174,,Original
8,1.6817,2.1737,4.1032,2016-Feb-24,PreIRCorrection
8,2.094,2.5488,5.4416,2016-Apr-06,PostIRCorrection
9,1.2946,1.6292,3.1522,,Original
9,1.2738,1.7069,3.1961,2016-Apr-21,PreIRCorrection
9,1.4958,1.8221,3.9565,2016-Apr-27,PostIRCorrection
10,1.2636,1.6548,3.0217,,Original
10,1.4245,1.8054,3.6932,2016-Apr-21,PreIRCorrection
10,1.6781,2.0847,4.4476,2016-Apr-26,PostIRCorrection
11,1.2373,1.6404,3.1064,,Original
11,,,,,
11,,,,,
12,1.3426,1.7683,3.2222,,Original
12,1.3307,1.7135,3.3487,2016-Feb-24,PreIRCorrection
12,1.655,2.0709,4.1648,2016-Apr-06,PostIRCorrection
13,1.2288,1.7059,2.8431,,Original
13,1.2643,1.7025,3.2028,2016-Apr-21,PreIRCorrection
13,1.6478,2.151,4.2428,2016-Apr-26,PostIRCorrection
14,1.4987,1.9373,3.3941,,Original
14,1.3451,1.6009,3.3978,2016-Apr-21,PreIRCorrection
14,1.549,1.8903,3.9501,2016-Apr-26,PostIRCorrection
15,1.2636,1.6951,2.9574,,Original
15,1.3321,1.7414,3.5408,2016-Apr-21,PreIRCorrection
15,1.5584,2.018,4.0244,2016-Apr-26,PostIRCorrection
16,1.1885,1.5761,2.6852,,Original
16,1.3016,1.9167,2.9898,2016-Feb-24,PreIRCorrection
16,1.7224,2.3028,4.1281,2016-Apr-06,PostIRCorrection
17,1.3495,1.6747,3.3902,,Original
17,1.7125,2.0537,4.7828,2016-May-01,PostIRCorrection
17,,,,,
18,1.3526,1.7365,3.1267,,Original
18,1.3534,1.6786,3.474,2016-Feb-25,PreIRCorrection
18,1.4923,1.8649,3.817,2016-Apr-06,PostIRCorrection
19,1.2586,1.6782,2.9796,,Original
19,,,,,
19,,,,,
20,1.3148,1.7317,3.1556,,Original
20,1.5212,1.9508,4.0588,2016-Apr-21,PreIRCorrection
20,1.9492,2.5188,5.1306,2016-Apr-26,PostIRCorrection
21,1.2909,1.7108,3.087,,Original
21,,,,,
21,,,,,
22,1.2544,1.625,3.0426,,Original
22,,,,,
22,,,,,
23,1.2241,1.5778,2.9583,,Original
23,,,,,
23,,,,,
24,1.2909,1.6136,3.2273,,Original
24,1.3665,1.6718,3.9209,2016-Apr-06,PreIRCorrection
24,1.5294,1.8624,4.2765,2016-Apr-13,PostIRCorrection
25,1.084,1.4343,2.5357,,Original
25,,,,,
25,,,,,
26,1.2609,1.6292,2.9592,,Original
26,1.4534,1.922,3.4666,2016-Jun-13,PreIRCorrection
26,1.5921,1.9084,4.0055,2016-Jun-16,PostIRCorrection
27,1.1488,1.5275,2.5741,,Original
27,1.2395,1.595,3.0658,2016-Mar-01,PreIRCorrection
27,1.3143,1.6802,3.4334,2016-Mar-10,PostIRCorrection
28,1.3091,1.6941,3.1304,,Original
28,1.3894,1.8265,3.4594,2016-Feb-25,PreIRCorrection
28,1.4053,1.7335,3.7446,2016-Mar-06,PostIRCorrection
29,1.2991,1.6747,3.475,,Original
29,1.5956,2.1235,3.9972,2016-Mar-01,PreIRCorrection
29,1.4475,1.8033,3.9211,2016-May-01,PostIRCorrection
30,1.2636,1.6548,3.2326,,Original
30,1.4818,1.9732,3.8385,2016-Mar-01,PreIRCorrection
30,1.6539,2.3072,4.3016,2016-Mar-10,PostIRCorrection
31,1.2752,1.7375,2.8958,,Original
31,1.4367,1.8796,3.4884,2016-Mar-01,PreIRCorrection
31,1.4876,1.9077,3.734,2016-Mar-10,PostIRCorrection
32,1.6951,2.4386,4.0882,,Original
32,,,,,
32,,,,,
33,1.3018,1.7742,3.0556,,Original
33,,,,,
33,,,,,
34,1.3436,1.825,3.2206,,Original
34,,,,,
34,,,,,
35,1.7778,2.3226,4.1143,,Original
35,,,,,
35,,,,,
36,1.2609,1.6292,2.9592,,Original
36,,,,,
36,,,,,
37,1.2909,2.4,3.087,,Original
37,,,,,
37,,,,,
38,1.7778,1.6912,4.3636,,Original
38,1.4581,1.858,3.9849,2016-Jun-13,PreIRCorrection
38,1.5435,1.9322,4.2916,2016-Jun-16,PostIRCorrection
39,NaN,NaN,NaN,,Original
39,,,,,
39,,,,,
40,1.7654,2.3833,4.3333,,Original
40,,,,,
40,,,,,
41,1.7857,2.4457,4.5,,Original
41,2.0103,2.6524,5.5695,2016-Feb-25,PreIRCorrection
41,2.0533,2.7122,5.7596,2016-Mar-06,PostIRCorrection
42,NaN,NaN,NaN,,Original
42,,,,,
42,,,,,
43,1.228,1.625,2.9225,,Original
43,,,,,
43,,,,,
44,1.3271,1.775,3.1556,,Original
44,1.5431,1.9269,3.9141,2016-Jun-13,PreIRCorrection
44,1.5731,1.9601,3.9287,2016-Jun-16,PostIRCorrection
45,1.7108,2.3279,4.303,,Original
45,,,,,
45,,,,,
46,1.4289,1.8161,3.1105,,Original
46,1.1915,1.4915,2.9232,2016-Mar-01,PreIRCorrection
46,1.582,2.2558,3.305,2016-Mar-10,PostIRCorrection
47,1.3271,1.775,3.2272,,Original
47,,,,,
47,,,,,
48,1.3302,1.7407,3.1333,,Original
48,1.5456,1.9411,4.1036,2016-Jun-13,PreIRCorrection
48,1.6093,1.9978,4.244,2016-Jun-16,PostIRCorrection
49,1.3981,1.8228,3.2727,,Original
49,,,,,
49,,,,,
50,1.0833,1.3973,2.4978,,Original
50,1.2102,1.5449,3.0268,2016-Mar-01,PreIRCorrection
50,1.3681,1.7449,3.5057,2016-Mar-10,PostIRCorrection
51,1.3431,1.7792,3.3415,,Original
51,,,,,
51,,,,,
52,1.7895,2.3051,4.6897,,Original
52,,,,,
52,,,,,
53,1.3776,1.7763,3.375,,Original
53,,,,,
53,,,,,
54,1.2991,1.6548,3.1591,,Original
54,,,,,
54,,,,,
55,1.2296,1.6118,2.9643,,Original
55,,,,,
55,,,,,
56,1.6275,2.1013,3.9524,,Original
56,,,,,
56,,,,,
57,1.2661,1.7037,3.0667,,Original
57,,,,,
57,,,,,
58,1.6988,2.3898,4.2727,,Original
58,,,,,
58,,,,,
59,1.2936,1.6988,3.1333,,Original
59,,,,,
59,,,,,
60,1.2769,1.6939,2.9643,,Original
60,,,,,
60,,,,,
61,1.192,1.5974,2.8621,,Original
61,,,,,
61,,,,,
62,1.287,1.6747,3.2326,,Original
62,,,,,
62,,,,,
63,1.2897,1.725,2.9362,,Original
63,,,,,
63,,,,,
64,1.2672,1.66,3.0182,,Original
64,,,,,
64,,,,,
65,1.2287,1.6114,2.9643,,Original
65,,,,,
65,,,,,
66,1.1942,1.66,2.7655,,Original
66,,,,,
66,,,,,
67,1.6436,2.1275,3.9524,,Original
67,,,,,
67,,,,,
68,1.2862,1.66,3.0182,,Original
68,,,,,
68,,,,,
69,1.2388,1.6895,2.7667,,Original
69,,,,,
69,,,,,
70,1.694,2.3056,4.15,,Original
70,1.972,2.5749,5.209,2016-Apr-21,PreIRCorrection
70,2.0489,2.6811,5.4091,2016-Apr-26,PostIRCorrection
71,1.2264,1.6436,3.0182,,Original
71,,,,,
71,,,,,
72,1.272,1.6704,2.9223,,Original
72,,,,,
72,,,,,
73,1.1835,1.6405,2.8333,,Original
73,,,,,
73,,,,,
74,1.207,1.6121,2.8769,,Original
74,,,,,
74,,,,,
75,1.5203,2.1345,3.9026,,Original
75,,,,,
75,,,,,
76,1.2359,1.5847,2.9219,,Original
76,,,,,
76,,,,,
77,1.2437,1.6023,3.054,,Original
77,,,,,
77,,,,,
78,1.191,1.5714,2.8769,,Original
78,,,,,
78,,,,,
79,1.2033,1.6368,2.7914,,Original
79,,,,,
79,,,,,
80,1.255,1.6121,2.9683,,Original
80,,,,,
80,,,,,
81,1.214,1.5191,2.9219,,Original
81,1.4675,1.7696,3.8517,2016-Mar-01,PreIRCorrection
81,1.5168,1.8397,4.0466,2016-Mar-10,PostIRCorrection
82,1.1941,1.5457,2.9686,,Original
82,,,,,
82,,,,,
83,1.2764,1.7253,2.9864,,Original
83,,,,,
83,,,,,
84,1.7171,2.3974,4.1833,,Original
84,2.0108,2.6258,5.1863,2016-Jun-16,PreIRCorrection
84,2.2454,2.9549,5.8579,2016-Jun-21,PostIRCorrection
85,1.2256,1.6804,2.9107,,Original
85,,,,,
85,,,,,
86,1.6633,2.2049,4.1795,,Original
86,1.896,2.4372,5.282,2016-Apr-21,PreIRCorrection
86,2.0063,2.5814,5.5212,2016-Apr-26,PostIRCorrection
87,1.3252,1.7717,3.1424,,Original
87,1.5244,1.9798,3.9906,2016-Mar-01,PreIRCorrection
87,1.5501,2.0401,4.1131,2016-Mar-10,PostIRCorrection
88,1.2636,1.7158,2.9107,,Original
88,,,,,
88,,,,,
89,1.3209,1.7527,3.1346,,Original
89,1.5579,2.0065,4.0514,2016-Mar-15,PreIRCorrection
89,1.6021,2.0743,4.1645,2016-Apr-13,PostIRCorrection
90,1.1985,1.6139,2.7627,,Original
90,1.3435,1.7716,3.2482,2016-Mar-15,PreIRCorrection
90,1.5253,1.9576,3.9902,2016-Apr-13,PostIRCorrection
91,1.647,2.2639,3.9756,,Original
91,,,,,
91,,,,,
92,1.7173,2.3249,4.1805,,Original
92,2.0456,2.7054,5.5871,2016-Mar-15,PreIRCorrection
92,2.1011,2.778,5.7411,2016-Apr-13,PostIRCorrection
93,1.3377,1.7711,3.204,,Original
93,1.5921,2.0591,4.235,2016-Mar-15,PreIRCorrection
93,1.6256,2.1059,4.3125,2016-Apr-13,PostIRCorrection
94,1.2673,1.7093,3.1285,,Original
94,,,,,
94,,,,,
95,1.1579,1.1024,1.1575,,Original
95,,,,,
95,,,,,
96,1.6705,2.1618,3.8684,,Original
96,,,,,
96,,,,,
97,1.6708,2.3333,4.0833,,Original
97,2.0653,2.654,5.3094,2016-Mar-01,PreIRCorrection
97,1.8843,2.4735,4.9765,2016-Mar-10,PostIRCorrection
98,1.2684,1.75,3,,Original
98,1.4812,1.9486,3.7431,2016-Mar-11,PreIRCorrection
98,1.5758,2.1138,4.4019,2016-Mar-14,PostIRCorrection
99,1.2809,1.688,3.0776,,Original
99,1.3658,1.7288,3.5318,2016-Jun-13,PreIRCorrection
99,1.5031,1.8679,3.9051,2016-Jun-21,PostIRCorrection
100,1.6705,2.194,4.3235,,Original
100,,,,,
100,,,,,
101,1.3279,1.8596,3.0488,,Original
101,1.5337,1.9415,4.2183,2016-Mar-01,PreIRCorrection
101,1.5942,2.0213,4.4173,2016-Mar-10,PostIRCorrection
102,1.4141,1.8323,3.3332,,Original
102,1.4865,1.8464,3.8986,2016-Mar-01,PreIRCorrection
102,1.5447,1.8841,4.0009,2016-Mar-09,PostIRCorrection
103,1.4038,1.7468,3.2721,,Original
103,,,,,
103,,,,,
104,2.0905,2.7689,5.2322,,Original
104,2.3068,3.0464,6.1932,2016-Apr-25,PreIRCorrection
104,2.3953,3.1201,6.5164,2016-Apr-28,PostIRCorrection
105,1.4972,1.8001,3.9634,,Original
105,1.5721,1.9473,4.0837,2016-Apr-25,PreIRCorrection
105,1.585,1.9582,4.1121,2016-Apr-28,PostIRCorrection
106,1.5183,2.0391,3.4317,,Original
106,1.4859,1.9436,3.6225,2016-Mar-01,PreIRCorrection
106,1.494,1.9141,3.7575,2016-Mar-10,PostIRCorrection
107,1.8636,2.345,4.5678,,Original
107,2.0581,2.5654,5.5557,2016-Apr-25,PreIRCorrection
107,2.1819,2.7178,5.8414,2016-Apr-28,PostIRCorrection
108,1.3788,1.781,3.3097,,Original
108,1.7848,2.2475,4.8753,2016-Apr-20,PreIRCorrection
108,1.777,2.2267,4.7822,2016-Apr-25,PostIRCorrection
109,1.9422,2.5265,4.8517,,Original
109,1.9118,2.5715,5.08,2016-Jun-07,PreIRCorrection
109,2.0903,2.6747,5.7012,2016-Jun-13,PostIRCorrection
110,2.1322,3.0217,5.5176,,Original
110,2.2166,2.9649,6.3476,2016-Jun-07,PreIRCorrection
110,2.2456,3.0025,6.5561,2016-Jun-13,PostIRCorrection
111,1.3279,1.8596,3.0488,,Original
111,1.6696,2.4494,3.9626,2016-Mar-15,PreIRCorrection
111,1.5217,1.9975,4.0309,2016-Jun-14,PostIRCorrection
112,1.4337,2.0641,3.3926,,Original
112,1.4686,2.0795,3.8877,2016-Mar-16,PreIRCorrection
112,1.5369,2.1811,4.1243,2016-Jun-14,PostIRCorrection
113,1.3965,1.9761,3.0637,,Original
113,1.4172,1.7654,3.637,2016-Mar-01,PreIRCorrection
113,1.4666,1.8391,3.7534,2016-Mar-10,PostIRCorrection
114,1.3326,1.7636,2.8234,,Original
114,1.5628,1.9787,4.3123,2016-Mar-15,PreIRCorrection
114,1.592,2.0187,4.3936,2016-Jun-14,PostIRCorrection
115,1.3153,1.7762,3.2456,,Original
115,,,,,
115,,,,,
116,1.7953,2.3853,4.4396,,Original
116,,,,,
116,,,,,
117,1.5444,1.8919,3.6053,,Original
117,,,,,
117,,,,,
118,1.3381,1.835,3.3622,,Original
118,,,,,
118,,,,,
119,1.2791,1.8063,3.0258,,Original
119,,,,,
119,,,,,
120,1.8452,2.4238,4.0028,,Original
120,,,,,
120,,,,,
121,1.1646,1.4239,2.5854,,Original
121,1.459,1.8969,3.7282,2016-Mar-01,PreIRCorrection
121,1.5591,2.0165,4.039,2016-Mar-10,PostIRCorrection
122,1.4703,2.0096,3.2165,,Original
122,1.4046,1.7729,3.5188,2016-Mar-11,PreIRCorrection
122,1.4692,1.8519,3.679,2016-Mar-14,PostIRCorrection
123,1.5515,1.831,3.7812,,Original
123,1.8417,2.2636,5.1354,2016-Mar-01,PreIRCorrection
123,1.9975,2.511,5.5199,2016-Mar-10,PostIRCorrection
124,1.7296,2.4057,4.3139,,Original
124,,,,,
124,,,,,
125,1.5716,1.8565,3.4763,,Original
125,2.0081,2.5956,5.2528,2016-Mar-01,PreIRCorrection
125,2.0424,2.5894,5.3984,2016-Mar-10,PostIRCorrection
126,1.2971,1.5889,2.9953,,Original
126,1.519,1.9376,4.0592,2016-Mar-01,PreIRCorrection
126,1.5553,1.9796,4.1329,2016-Mar-10,PostIRCorrection
127,1.1905,1.4311,2.756,,Original
127,1.4922,1.8754,4.0054,2016-Apr-06,PreIRCorrection
127,1.5266,1.9129,4.0685,2016-Apr-13,PostIRCorrection
128,1.1486,1.4505,2.525,,Original
128,1.4837,1.9798,3.8701,2016-Mar-01,PreIRCorrection
128,1.4948,1.9991,3.9147,2016-Mar-10,PostIRCorrection
129,1.3454,1.7587,3.1977,,Original
129,1.5588,1.9917,4.0769,2016-Apr-26,PreIRCorrection
129,1.5867,2.042,4.1422,2016-Apr-27,PostIRCorrection
130,1.8062,1.5415,3.1186,,Original
130,1.5584,2.1241,4.0116,2016-Apr-21,PreIRCorrection
130,1.5749,2.0682,4.1049,2016-Apr-27,PostIRCorrection
131,2.0086,2.6416,5.4674,,Original
131,2.0734,2.6169,5.9221,2016-Mar-28,PreIRCorrection
131,2.0971,2.6479,5.9628,2016-Apr-20,PostIRCorrection
132,2.0276,2.7163,5.1898,,Original
132,2.0259,2.578,5.4518,2016-Mar-28,PreIRCorrection
132,2.0583,2.619,5.5219,2016-Apr-20,PostIRCorrection
133,2.0024,2.6716,5.3432,,Original
133,2.0063,2.5604,5.5382,2016-Mar-28,PreIRCorrection
133,2.0302,2.5951,5.5955,2016-Apr-20,PostIRCorrection
134,1.8061,2.5362,4.5846,,Original
134,1.9276,2.6028,5.2594,2016-Mar-28,PreIRCorrection
134,1.9378,2.6175,5.255,2016-Apr-20,PostIRCorrection
135,1.9072,2.5095,4.8357,,Original
135,1.9601,2.5047,5.3328,2016-Mar-01,PreIRCorrection
135,1.9703,2.5188,5.3201,2016-Mar-10,PostIRCorrection
136,2.0376,2.7736,5.4241,,Original
136,2.3327,3.1632,6.019,2016-Mar-01,PreIRCorrection
136,2.4606,3.3167,6.4394,2016-Mar-10,PostIRCorrection
137,1.9587,2.7091,5.1826,,Original
137,1.9426,2.5394,5.225,2016-Mar-01,PreIRCorrection
137,2.039,2.68,5.4449,2016-Mar-10,PostIRCorrection
138,1.9541,2.578,4.8653,,Original
138,1.9165,2.4421,5.1108,2016-Mar-07,PreIRCorrection
138,1.9807,2.4848,5.2642,2016-Apr-20,PostIRCorrection
139,2.1286,2.98,5.6762,,Original
139,,,,,
139,,,,,
140,1.8921,2.5634,4.8653,,Original
140,5.8392,7.8521,17.1186,2016-Apr-21,PreIRCorrection
140,2.1812,2.8972,6.0648,2016-Apr-27,PostIRCorrection
141,1.8625,2.4833,4.6745,,Original
141,2.2804,3.0366,6.4985,2016-Apr-21,PreIRCorrection
141,2.1828,2.7868,5.9468,2016-Apr-26,PostIRCorrection
142,1.7755,2.3959,4.4237,,Original
142,2.3166,3.1399,6.8977,2016-Apr-21,PreIRCorrection
142,2.2436,2.9215,6.1878,2016-Apr-26,PostIRCorrection
143,2.0552,2.7721,4.9667,,Original
143,,,,,
143,,,,,
144,1.8481,2.4577,4.6745,,Original
144,,,,,
144,,,,,
145,1.9715,2.511,5.1176,,Original
145,2.6996,3.4454,8.267,2016-Apr-21,PreIRCorrection
145,2.3951,2.9816,6.7431,2016-Apr-26,PostIRCorrection
146,1.9702,2.5913,5.0723,,Original
146,2.1662,2.819,6.1455,2016-Apr-21,PreIRCorrection
146,2.2165,2.8074,6.1618,2016-Apr-26,PostIRCorrection
147,1.8198,2.4833,4.6745,,Original
147,2.1858,2.8749,6.0894,2016-Jun-16,PreIRCorrection
147,2.2518,2.9258,6.2671,2016-Jun-21,PostIRCorrection
148,1.9702,2.7091,4.9667,,Original
148,2.3546,3.221,6.6215,2016-Apr-23,PreIRCorrection
148,2.3171,3.1214,6.2498,2016-Apr-27,PostIRCorrection
149,1.8921,2.5913,4.9667,,Original
149,2.2763,3.0497,6.3306,2016-Apr-21,PreIRCorrection
149,2.2891,3.0151,6.1414,2016-Apr-26,PostIRCorrection
150,1.8826,2.5095,4.773,,Original
150,2.5195,3.4263,6.6718,2016-Jun-16,PreIRCorrection
150,2.2537,2.9516,5.7127,2016-Jun-23,PostIRCorrection
151,1.9382,2.5913,5.1826,,Original
151,2.1768,2.7966,6.434,2016-Apr-21,PreIRCorrection
151,2.0928,2.6682,5.8905,2016-Apr-26,PostIRCorrection
152,1.9712,2.6489,4.9606,,Original
152,,,,,
152,,,,,
153,1.9867,2.7091,5.1826,,Original
153,2.8244,4.2136,7.4278,2016-Apr-21,PreIRCorrection
153,2.6251,3.8682,6.3799,2016-Apr-26,PostIRCorrection
154,1.9051,2.5842,4.9245,,Original
154,2.259,3.0439,6.1809,2016-Apr-21,PreIRCorrection
154,2.3148,3.0849,6.1698,2016-Apr-26,PostIRCorrection
155,2.073,2.7614,5.2978,,Original
155,2.4278,3.1929,6.9992,2016-Apr-21,PreIRCorrection
155,2.4171,3.0892,6.7245,2016-Apr-26,PostIRCorrection
156,1.7529,2.3146,4.4148,,Original
156,2.4737,3.1208,6.9093,2016-Jun-16,PreIRCorrection
156,2.4932,3.0916,6.9238,2016-Jun-23,PostIRCorrection
157,1.9867,2.8381,4.8653,,Original
157,2.292,3.2043,6.2488,2016-Apr-21,PreIRCorrection
157,2.2171,3.0858,5.903,2016-Apr-26,PostIRCorrection
158,1.7791,2.3401,4.5141,,Original
158,2.0051,2.6028,5.1121,2016-Apr-21,PreIRCorrection
158,2.1398,2.7581,5.5161,2016-Apr-26,PostIRCorrection
159,1.7659,2.3604,4.4148,,Original
159,2.3313,3.0557,6.0002,2016-Apr-21,PreIRCorrection
159,2.2495,2.9347,5.8386,2016-Apr-26,PostIRCorrection
160,1.7791,2.4081,4.4148,,Original
160,2.8507,3.7259,8.0244,2016-Jun-16,PreIRCorrection
160,2.6024,3.9728,6.6724,2016-Jun-21,PostIRCorrection
161,2.1393,2.837,5.5434,,Original
161,2.228,2.9288,6.2212,2016-Apr-21,PreIRCorrection
161,2.0857,2.6887,5.5771,2016-Apr-26,PostIRCorrection
162,1.9226,2.5913,5.2978,,Original
162,2.3885,2.9541,6.9467,2016-Apr-21,PreIRCorrection
162,2.4197,3.0671,6.8814,2016-Apr-26,PostIRCorrection
163,1.9226,2.5634,4.8653,,Original
163,2.2764,3.0486,6.7308,2016-Apr-21,PreIRCorrection
163,2.0702,2.6523,5.5869,2016-Apr-26,PostIRCorrection
164,1.956,2.5362,5.1826,,Original
164,2.7259,3.4458,9.0566,2016-Apr-21,PreIRCorrection
164,2.1197,2.6812,5.9032,2016-Apr-26,PostIRCorrection
165,1.9382,2.6184,5.0723,,Original
165,,,,,
165,,,,,
166,1.9702,2.7091,5.1826,,Original
166,2.0922,2.845,5.3157,2016-Mar-11,PreIRCorrection
166,2.0414,2.733,5.1841,2016-Mar-14,PostIRCorrection
167,1.8426,2.4619,4.5508,,Original
167,2.0079,2.6169,5.4789,2016-Mar-18,PreIRCorrection
167,2.0224,2.6083,5.4569,2016-Apr-07,PostIRCorrection
168,2.1138,3.1464,5.2174,,Original
168,2.1994,2.9474,6.1928,2016-Mar-15,PreIRCorrection
168,2.2889,3.0826,6.4539,2016-Apr-06,PostIRCorrection
169,1.828,2.4754,4.3684,,Original
169,2.0062,2.6966,5.2261,2016-Mar-18,PreIRCorrection
169,2.0441,2.6881,5.328,2016-Apr-07,PostIRCorrection
170,1.9158,2.5415,4.8764,,Original
170,2.1806,2.8277,6.18,2016-Mar-11,PreIRCorrection
170,2.1117,2.7339,5.8759,2016-Mar-14,PostIRCorrection
171,1.814,2.529,4.3849,,Original
171,2.0299,2.7919,5.3934,2016-Apr-20,PreIRCorrection
171,2.0834,2.8478,5.4064,2016-Apr-25,PostIRCorrection
172,1.7903,2.5759,4.884,,Original
172,1.9517,2.7715,5.9546,2016-Apr-20,PreIRCorrection
172,1.9778,2.8053,5.9434,2016-Apr-25,PostIRCorrection
173,2.1402,2.9346,5.1437,,Original
173,2.1242,2.6588,5.931,2016-Apr-20,PreIRCorrection
173,2.1344,2.6607,5.8599,2016-Apr-25,PostIRCorrection
174,2.3123,3.2244,6.035,,Original
174,1.9599,2.7182,5.5667,2016-Apr-26,PreIRCorrection
174,1.9811,2.7261,5.5576,2016-Apr-28,PostIRCorrection
175,1.8455,2.4312,4.5024,,Original
175,2.0084,2.6515,5.4744,2016-Apr-20,PreIRCorrection
175,2.0408,2.6784,5.4661,2016-Apr-25,PostIRCorrection
176,1.9612,2.5503,4.9467,,Original
176,2.12,2.8059,5.7579,2016-Apr-20,PreIRCorrection
176,2.0566,2.6732,5.5116,2016-Apr-25,PostIRCorrection
177,1.8418,2.4241,4.5045,,Original
177,2.0801,2.6671,5.5875,2016-Apr-20,PreIRCorrection
177,2.0434,2.606,5.4211,2016-Apr-25,PostIRCorrection
178,1.0001,1.059,0.962,,Original
178,2.1583,2.9531,5.97,2016-Apr-20,PreIRCorrection
178,2.1155,2.8815,5.763,2016-Apr-25,PostIRCorrection
179,1.9809,3.1286,5.0907,,Original
179,1.9612,2.7441,5.6625,2016-Apr-20,PreIRCorrection
179,1.9949,2.782,5.7132,2016-Apr-25,PostIRCorrection
180,NaN,NaN,NaN,,Original
180,,,,,
180,,,,,
181,1.9565,2.88,4.9587,,Original
181,2.0301,2.8201,6.002,2016-Apr-20,PreIRCorrection
181,2.005,2.7448,5.8362,2016-Apr-25,PostIRCorrection
182,1.8517,2.5281,4.678,,Original
182,2.009,2.7001,5.6407,2016-Feb-24,PreIRCorrection
182,2.032,2.7347,5.7113,2016-Mar-04,PostIRCorrection
183,1.9102,2.5956,4.6496,,Original
183,2.0762,2.7807,5.5771,2016-Mar-07,PreIRCorrection
183,2.5665,3.3991,7.5746,2016-Mar-10,PostIRCorrection
184,1.8929,2.5609,4.7248,,Original
184,2.0674,2.7625,5.6403,2016-Mar-07,PreIRCorrection
184,2.0867,2.7521,5.8925,2016-Mar-10,PostIRCorrection
185,2.0199,3.1388,4.9735,,Original
185,2.2828,3.3194,5.9978,2016-Feb-25,PreIRCorrection
185,1.9313,2.6902,5.4822,2016-Mar-04,PostIRCorrection
186,2.3098,3.2372,5.9427,,Original
186,2.2049,2.9884,6.2445,2016-Mar-31,PreIRCorrection
186,1.9929,2.6963,5.7531,2016-Apr-07,PostIRCorrection
187,2.7289,3.8196,6.858,,Original
187,2.2621,3.0255,6.4119,2016-Mar-11,PreIRCorrection
187,2.2439,2.996,6.2933,2016-Mar-14,PostIRCorrection
188,1.8718,2.5535,4.8444,,Original
188,2.0719,2.7292,5.774,2016-Apr-20,PreIRCorrection
188,2.1201,2.7891,5.782,2016-Apr-25,PostIRCorrection
189,1.8292,2.4068,4.5923,,Original
189,2.0939,2.6459,5.6944,2016-Mar-31,PreIRCorrection
189,2.0148,2.5857,5.5516,2016-Apr-07,PostIRCorrection
190,1.8634,2.4144,4.8677,,Original
190,2.0512,2.5513,5.766,2016-Mar-07,PreIRCorrection
190,2.1313,3.7358,6.8089,2016-Mar-10,PostIRCorrection
191,2.239,3.2627,5.6087,,Original
191,2.1424,2.87,5.8658,2016-Mar-11,PreIRCorrection
191,2.2199,2.9636,6.0063,2016-Mar-14,PostIRCorrection
192,1.8598,2.5029,4.557,,Original
192,2.1368,2.7257,5.6406,2016-Apr-20,PreIRCorrection
192,2.1651,2.7543,5.6606,2016-Apr-25,PostIRCorrection
193,1.8868,2.5,4.6997,,Original
193,2.1603,2.6561,5.9111,2016-Mar-31,PreIRCorrection
193,2.0276,2.6059,5.4724,2016-Apr-07,PostIRCorrection
194,2.3191,3.1708,5.5056,,Original
194,2.263,2.7972,6.1763,2016-Mar-11,PreIRCorrection
194,2.097,2.6265,5.6857,2016-Mar-14,PostIRCorrection
195,2.0295,2.9193,5.0797,,Original
195,2.3724,3.2461,6.4616,2016-Mar-31,PreIRCorrection
195,1.9337,2.5838,5.4789,2016-Apr-07,PostIRCorrection
196,1.841,2.6935,5.1218,,Original
196,2.0663,2.7772,6.2365,2016-Mar-31,PreIRCorrection
196,1.9756,2.7013,5.9097,2016-Apr-07,PostIRCorrection
197,1.8192,2.442,4.556,,Original
197,1.9621,2.6466,5.4018,2016-Mar-07,PreIRCorrection
197,2.1452,2.9455,6.0933,2016-Mar-10,PostIRCorrection
198,2.4069,3.4977,6.2312,,Original
198,2.4253,3.3834,6.7544,2016-Mar-11,PreIRCorrection
198,2.4525,3.4227,6.7643,2016-Mar-14,PostIRCorrection
199,2.2558,2.8854,5.8461,,Original
199,2.2944,2.9105,6.262,2016-Mar-11,PreIRCorrection
199,2.2161,2.7903,5.98,2016-Mar-14,PostIRCorrection
200,2.2629,3.2189,5.5819,,Original
200,2.4547,3.2627,6.481,2016-Mar-11,PreIRCorrection
200,2.5923,3.39,6.7718,2016-Mar-14,PostIRCorrection
201,1.8288,2.3647,4.4965,,Original
201,1.9631,2.4875,5.3605,2016-Apr-21,PreIRCorrection
201,2.0883,2.6481,5.5716,2016-Apr-26,PostIRCorrection
202,1.8308,2.4847,4.3764,,Original
202,2.0423,2.7117,5.4075,2016-Mar-31,PreIRCorrection
202,2.0761,2.7406,5.433,2016-Apr-07,PostIRCorrection
203,1.8769,2.5667,4.7063,,Original
203,2.4261,3.1351,6.55,2016-Apr-20,PreIRCorrection
203,2.3769,3.0618,6.2729,2016-Apr-22,PostIRCorrection
204,1.8349,2.3904,4.5023,,Original
204,2.0521,2.637,5.4824,2016-Mar-31,PreIRCorrection
204,2.1569,2.7398,5.7936,2016-Apr-07,PostIRCorrection
205,1.8047,2.4348,4.5351,,Original
205,2.0804,2.7513,5.7792,2016-Apr-20,PreIRCorrection
205,2.0832,2.7391,5.6344,2016-Apr-22,PostIRCorrection
206,1.8444,2.4226,4.6714,,Original
206,2.0007,2.5414,5.5388,2016-Apr-21,PreIRCorrection
206,2.0549,2.6052,5.6625,2016-Apr-26,PostIRCorrection
207,1.969,2.6676,4.9058,,Original
207,2.163,2.8485,5.9483,2016-Mar-31,PreIRCorrection
207,2.0646,2.6857,5.5596,2016-Apr-07,PostIRCorrection
208,1.8776,2.5436,4.745,,Original
208,2.0318,2.7097,5.6932,2016-Mar-11,PreIRCorrection
208,2.0145,2.6784,5.5857,2016-Mar-14,PostIRCorrection
209,2.3123,2.9163,6.096,,Original
209,1.9917,2.4919,5.3,2016-Mar-11,PreIRCorrection
209,2.05,2.5585,5.44,2016-Mar-14,PostIRCorrection
210,1.8859,2.5576,4.6076,,Original
210,2.0294,2.7226,5.296,2016-Mar-11,PreIRCorrection
210,2.0613,2.7643,5.3342,2016-Mar-14,PostIRCorrection
211,0.966,1.4285,1.1004,,Original
211,0.5201,1.0403,0.7379,2016-Mar-11,PreIRCorrection
211,2.0055,3.3257,6.2273,2016-May-01,PostIRCorrection
212,1.0743,1.4396,1.7978,,Original
212,0.6672,0.9675,1.1235,2016-Mar-11,PreIRCorrection
212,3.0898,4.671,9.5339,2016-May-01,PostIRCorrection
213,0.5883,0.6853,0.9058,,Original
213,0.4714,0.5489,0.6889,2016-Feb-24,PreIRCorrection
213,2.3219,3.21,5.9409,2016-May-01,PostIRCorrection
214,0.5266,0.6265,0.8248,,Original
214,0.392,0.4978,0.6216,2016-Apr-20,PreIRCorrection
214,2.5942,3.5733,7.1192,2016-May-01,PostIRCorrection
215,2.0671,1.995,2.8125,,Original
215,1.5674,1.4846,2.1356,2016-Apr-20,PreIRCorrection
215,3.8018,3.1203,7.5005,2016-Apr-22,PostIRCorrection
216,0.9644,1.0149,1.4464,,Original
216,0.4949,0.8906,0.7972,2016-Mar-11,PreIRCorrection
216,3.0662,5.2,8.2462,2016-May-01,PostIRCorrection
217,0.5184,0.6364,0.8017,,Original
217,0.3883,0.4862,0.5736,2016-Apr-20,PreIRCorrection
217,2.556,3.5936,7.262,2016-May-01,PostIRCorrection
218,0.8758,1.2046,1.8391,,Original
218,0.9802,1.2588,1.7294,2016-Mar-11,PreIRCorrection
218,1.9524,3.231,5.4463,2016-Apr-27,PostIRCorrection
219,1.3795,1.2739,2.0453,,Original
219,0.9583,1.2343,1.206,2016-Mar-11,PreIRCorrection
219,3.0216,4.4934,8.6519,2016-May-01,PostIRCorrection
220,1.2965,1.3744,1.9317,,Original
220,0.8455,1.1594,1.4086,2016-Mar-11,PreIRCorrection
220,2.2507,3.7735,7.4165,2016-May-01,PostIRCorrection
221,0.8265,1.3057,1.2161,,Original
221,0.5193,1.0269,0.776,2016-Mar-11,PreIRCorrection
221,2.1641,3.5699,6.3592,2016-May-01,PostIRCorrection
222,1.0842,1.1519,1.5393,,Original
222,0.8277,0.9158,1.1154,2016-Mar-11,PreIRCorrection
222,2.1375,3.4678,6.1219,2016-May-01,PostIRCorrection
223,1.138,1.2662,1.76,,Original
223,0.895,1.0868,1.3389,2016-Mar-07,PreIRCorrection
223,2.087,3.7105,6.5347,2016-May-01,PostIRCorrection
224,0.5007,1.0652,0.7523,,Original
224,0.3612,0.8437,0.5633,2016-Mar-07,PreIRCorrection
224,2.4117,4.4716,6.4293,2016-May-01,PostIRCorrection
225,0.8306,1.4324,1.4509,,Original
225,0.611,1.1583,0.9471,2016-Mar-07,PreIRCorrection
225,2.1772,3.5242,6.148,2016-May-01,PostIRCorrection
226,0.9842,1.2432,1.3846,,Original
226,0.7147,0.9527,0.8783,2016-Mar-11,PreIRCorrection
226,2.3778,3.7502,6.6521,2016-May-01,PostIRCorrection
227,1.1029,1.1336,2.0437,,Original
227,,,,,
227,,,,,
228,2.0737,1.8644,2.7926,,Original
228,1.1189,1.3251,1.6399,2016-Apr-13,PreIRCorrection
228,3.1461,3.0347,6.856,2016-May-01,PostIRCorrection
229,0.6982,0.7657,0.9412,,Original
229,0.5304,0.6529,0.5912,2016-Apr-01,PreIRCorrection
229,2.9342,4.0309,8.2401,2016-May-01,PostIRCorrection
230,0.8967,1.1534,1.6763,,Original
230,0.5062,0.9482,0.8654,2016-Apr-01,PreIRCorrection
230,2.7716,4.4844,8.4405,2016-May-01,PostIRCorrection
231,0.8251,1.0942,1.3668,,Original
231,0.5095,0.7646,0.7856,2016-Mar-07,PreIRCorrection
231,1.9987,3.3225,5.6108,2016-May-01,PostIRCorrection
232,0.9756,1.3039,1.6204,,Original
232,0.7009,1.0776,1.0135,2016-Mar-07,PreIRCorrection
232,2.1029,3.5777,6.823,2016-May-01,PostIRCorrection
233,0.9992,1.0688,1.6048,,Original
233,0.837,0.9905,1.1552,2016-Mar-11,PreIRCorrection
233,2.3321,3.8537,6.8478,2016-May-01,PostIRCorrection
234,1.2909,1.6113,1.742,,Original
234,1.307,1.4692,1.6034,2016-Mar-11,PreIRCorrection
234,2.6402,3.9678,7.7163,2016-May-01,PostIRCorrection
235,1.2281,1.2508,1.6725,,Original
235,0.7074,1.0306,1.1749,2016-May-16,PreIRCorrection
235,2.8557,4.4901,8.8282,2016-Jun-06,PostIRCorrection
236,0.844,1.0097,1.4872,,Original
236,0.7231,0.9907,1.2587,2016-May-16,PreIRCorrection
236,2.1687,3.3537,7.5064,2016-Jun-06,PostIRCorrection
237,0.6319,1.0259,1.1782,,Original
237,0.5054,0.8724,0.9538,2016-May-16,PreIRCorrection
237,2.1167,3.208,6.6972,2016-Jun-06,PostIRCorrection
238,NaN,NaN,NaN,,Original
238,,,,,
238,,,,,
239,1.2135,1.464,2.0475,,Original
239,1.1382,1.3437,1.803,2016-May-16,PreIRCorrection
239,2.6156,4.3645,8.167,2016-Jun-06,PostIRCorrection
240,1.036,1.117,1.7733,,Original
240,0.6316,0.9564,1.1364,2016-May-16,PreIRCorrection
240,2.578,4.2127,8.6873,2016-Jun-06,PostIRCorrection
241,0.658,0.9966,1.1459,,Original
241,0.5741,0.9059,0.8852,2016-May-16,PreIRCorrection
241,1.8267,3.1299,5.6148,2016-Jun-06,PostIRCorrection
242,1.0366,1.344,1.7688,,Original
242,0.5447,1.0558,0.9167,2016-May-16,PreIRCorrection
242,2.6852,4.6756,8.4724,2016-Jun-06,PostIRCorrection
243,0.7914,1.3055,1.6133,,Original
243,0.605,1.1419,1.0427,2016-May-16,PreIRCorrection
243,2.6493,4.4566,8.5805,2016-Jun-06,PostIRCorrection
244,NaN,NaN,NaN,,Original
244,,,,,
244,,,,,
245,1.2002,1.7089,1.8683,,Original
245,0.958,1.5282,1.3851,2016-May-16,PreIRCorrection
245,2.3223,4.0073,7.377,2016-Jun-06,PostIRCorrection
246,NaN,NaN,NaN,,Original
246,,,,,
246,,,,,
247,0.7067,0.9784,1.2165,,Original
247,0.4598,0.8155,0.9101,2016-May-16,PreIRCorrection
247,1.6394,2.8399,4.9031,2016-Jun-06,PostIRCorrection
248,0.8804,1.2972,1.4113,,Original
248,0.6768,1.084,1.0698,2016-May-16,PreIRCorrection
248,2.3294,3.8144,7.6088,2016-Jun-06,PostIRCorrection
249,1.2235,1.4144,2.0922,,Original
249,1.1009,1.2426,1.7713,2016-May-16,PreIRCorrection
249,2.5403,3.9361,8.7979,2016-Jun-06,PostIRCorrection
250,0.9349,1.1031,1.2414,,Original
250,0.6922,1.0207,0.9935,2016-Apr-13,PreIRCorrection
250,2.8797,4.4222,8.3048,2016-May-01,PostIRCorrection
251,0.6727,0.8941,1.2259,,Original
251,0.4386,0.7865,0.7442,2016-Apr-01,PreIRCorrection
251,2.1648,3.6717,5.9833,2016-Apr-20,PostIRCorrection
252,0.916,1.1406,1.4616,,Original
252,0.686,1.0723,1.2255,2016-Apr-20,PreIRCorrection
252,2.7528,4.3411,8.5886,2016-May-01,PostIRCorrection
253,0.7357,1.0443,1.1786,,Original
253,0.482,0.8445,0.7691,2016-Jun-13,PreIRCorrection
253,2.6299,4.2022,8.1976,2016-Jun-24,PostIRCorrection
254,0.6207,0.7131,0.9032,,Original
254,0.6478,0.709,0.9031,2016-Apr-20,PreIRCorrection
254,1.8522,2.556,5.3471,2016-May-01,PostIRCorrection
255,0.5426,0.6791,0.8336,,Original
255,0.5403,0.6857,0.7356,2016-Apr-01,PreIRCorrection
255,2.3411,3.3272,6.7839,2016-May-01,PostIRCorrection
256,0.7428,1.0216,1.3322,,Original
256,0.5926,0.893,1.074,2016-Apr-20,PreIRCorrection
256,2.8863,4.4729,8.9746,2016-May-01,PostIRCorrection
257,0.8751,1.2839,1.4436,,Original
257,0.7414,1.1992,1.133,2016-Apr-20,PreIRCorrection
257,2.7771,4.2459,8.169,2016-May-01,PostIRCorrection
258,0.8602,1.0644,1.4247,,Original
258,0.6952,0.9923,1.0883,2016-Apr-01,PreIRCorrection
258,2.6833,4.06,8.5684,2016-May-01,PostIRCorrection
259,0.9806,1.249,1.9522,,Original
259,0.7423,1.2421,1.4853,2016-Apr-01,PreIRCorrection
259,2.97,4.6921,9.1235,2016-May-01,PostIRCorrection
260,0.8545,1.1447,1.3947,,Original
260,0.8526,1.1331,1.2857,2016-Apr-20,PreIRCorrection
260,2.3882,4.3418,7.0146,2016-May-01,PostIRCorrection
261,0.9046,1.1111,1.5219,,Original
262,0.6864,1.186,1.5279,,Original
262,2.2344,3.3563,6.66,2016-Mar-11,PreIRCorrection
262,1.6304,2.7347,4.8787,2016-Mar-30,PostIRCorrection
263,0.9086,1.2272,1.769,,Original
263,0.6552,1.1174,1.1233,2016-Feb-26,PreIRCorrection
263,1.7072,2.8346,5.2005,2016-Apr-01,PostIRCorrection
264,0.861,1.3908,1.7196,,Original
264,0.7798,1.5838,1.324,2016-Feb-26,PreIRCorrection
264,1.8258,2.9328,5.4197,2016-Mar-04,PostIRCorrection
265,0.5821,0.9798,0.9415,,Original
265,0.543,0.9421,0.8503,2016-Mar-11,PreIRCorrection
265,2.1845,3.638,5.3219,2016-May-01,PostIRCorrection
266,0.9806,1.0898,1.7287,,Original
266,0.8191,0.9146,1.3639,2016-Feb-26,PreIRCorrection
266,1.5387,1.9083,3.6462,2016-Mar-30,PostIRCorrection
267,0.9438,1.1242,1.591,,Original
267,0.8419,1.0161,1.2658,2016-Feb-26,PreIRCorrection
267,1.5207,1.7942,4.0946,2016-Mar-31,PostIRCorrection
268,1.3169,1.7276,2.3523,,Original
268,1.0062,1.4632,1.7052,2016-Feb-26,PreIRCorrection
268,1.7388,3.0395,4.3685,2016-May-02,PostIRCorrection
269,0.9563,1.2331,1.6607,,Original
269,0.7911,1.0451,1.3436,2016-Feb-26,PreIRCorrection
269,1.407,1.8311,3.7412,2016-May-02,PostIRCorrection
270,1.0434,1.1969,1.8202,,Original
270,0.9406,1.0722,1.5482,2016-Mar-01,PreIRCorrection
270,1.6472,2.0595,4.0298,2016-Apr-20,PostIRCorrection
271,1.0086,1.0539,1.4627,,Original
271,0.7795,0.8748,1.0237,2016-Mar-01,PreIRCorrection
271,2.0838,2.3069,6.3321,2016-May-01,PostIRCorrection
272,0.9152,1.0747,1.6349,,Original
272,0.7489,0.8644,1.3515,2016-Mar-07,PreIRCorrection
272,1.3711,1.7706,3.5188,2016-May-01,PostIRCorrection
273,1.1265,1.3231,2.0933,,Original
273,0.9595,1.1375,1.654,2016-Mar-18,PreIRCorrection
273,1.8179,2.2486,4.5692,2016-Apr-13,PostIRCorrection
274,1.4864,1.8324,2.7238,,Original
274,1.0122,1.576,1.8814,2016-Mar-18,PreIRCorrection
274,1.6525,2.7298,4.6562,2016-May-01,PostIRCorrection
275,NaN,NaN,NaN,,Original
275,,,,,
275,,,,,
276,NaN,NaN,NaN,,Original
276,,,,,
276,,,,,
277,1.2439,1.6988,2.5446,,Original
277,1.0923,1.529,1.9684,2016-Mar-18,PreIRCorrection
277,1.4766,1.9343,3.5204,2016-Jun-09,PostIRCorrection
278,1.4023,1.5746,2.3651,,Original
278,0.965,1.3619,1.681,2016-Mar-18,PreIRCorrection
278,1.8608,2.7078,6.849,2016-Mar-23,PostIRCorrection
279,1.0461,1.2457,1.8951,,Original
279,0.9137,1.1034,1.5764,2016-Mar-18,PreIRCorrection
279,1.5529,1.9242,4.2573,2016-May-01,PostIRCorrection
280,1.3298,1.7888,2.5487,,Original
280,1.0516,1.6242,1.8712,2016-Mar-18,PreIRCorrection
280,1.584,2.5125,3.8993,2016-Apr-29,PostIRCorrection
281,1.3248,1.7079,2.6682,,Original
281,,,,,
281,,,,,
282,1.4881,1.6654,1.8767,,Original
282,1.1128,1.364,1.6121,2016-Apr-01,PreIRCorrection
282,2.1674,2.7805,6.9443,2016-Apr-15,PostIRCorrection
283,0.886,1.0715,1.3596,,Original
283,0.4927,0.6176,0.8135,2016-Jun-13,PreIRCorrection
283,1.5096,2.0351,4.2052,2016-Jun-24,PostIRCorrection
284,1.3263,1.6546,2.2039,,Original
284,0.986,1.5197,1.477,2016-Jun-13,PreIRCorrection
284,1.7642,2.7727,4.2278,2016-Jun-16,PostIRCorrection
285,1.1355,1.8433,1.9336,,Original
285,0.9796,1.5732,1.5992,2016-Apr-01,PreIRCorrection
285,1.6459,2.8839,3.7997,2016-Apr-16,PostIRCorrection
286,0.895,1.0193,1.4133,,Original
286,,,,,
286,,,,,
287,0.9573,1.1084,1.7274,,Original
287,0.768,0.8402,1.4077,2016-Apr-01,PreIRCorrection
287,1.6457,2.3769,3.6696,2016-Jun-14,PostIRCorrection
288,1.0709,1.2566,1.9287,,Original
288,0.9021,1.0489,1.4874,2016-Apr-01,PreIRCorrection
288,1.4655,1.715,3.787,2016-Jun-23,PostIRCorrection
289,1.2841,1.6665,2.5017,,Original
289,0.8523,1.4138,1.7659,2016-Jun-13,PreIRCorrection
289,1.5548,2.6453,4.7744,2016-Jun-24,PostIRCorrection
290,1.3797,1.8294,2.2257,,Original
290,0.9485,1.4697,1.3645,2016-Jun-13,PreIRCorrection
290,2.043,2.9359,4.5524,2016-Jun-16,PostIRCorrection
291,1.2394,1.835,2.5514,,Original
291,1.1228,1.6924,2.1818,2016-Mar-18,PreIRCorrection
291,1.54,2.3909,4.0108,2016-Jun-21,PostIRCorrection
292,1.1287,1.7104,2.2964,,Original
292,0.8969,1.5433,1.6019,2016-Apr-01,PreIRCorrection
292,1.5713,2.5894,4.2405,2016-Jun-14,PostIRCorrection
293,1.1167,1.256,2.05,,Original
293,0.8679,0.9974,1.4317,2016-Apr-01,PreIRCorrection
293,1.5395,1.8904,3.5874,2016-Jun-23,PostIRCorrection
294,1.0744,1.2538,1.8585,,Original
294,0.8295,0.9935,1.2779,2016-Apr-01,PreIRCorrection
294,1.691,2.0676,5.0089,2016-Jun-24,PostIRCorrection
295,1.6546,1.8641,2.6791,,Original
295,1.2843,1.732,1.9165,2016-Jun-13,PreIRCorrection
295,2.1273,3.0337,5.1917,2016-Jun-16,PostIRCorrection
296,0.9715,1.165,1.807,,Original
296,0.828,0.96,1.4676,2016-Apr-01,PreIRCorrection
296,1.4153,1.7526,4.0122,2016-Jun-24,PostIRCorrection
297,1.2232,1.6407,2.0372,,Original
297,0.8605,1.3891,1.3545,2016-Jun-13,PreIRCorrection
297,1.4841,2.5491,3.525,2016-Jun-16,PostIRCorrection
298,1.0874,1.5208,1.9851,,Original
298,0.8574,1.4187,1.4479,2016-Apr-01,PreIRCorrection
298,1.6115,2.5412,4.3875,2016-Jun-14,PostIRCorrection
299,1.3087,1.8951,2.7656,,Original
299,1.017,1.6298,1.7607,2016-Jun-13,PreIRCorrection
299,1.7441,2.8254,4.7302,2016-Jun-21,PostIRCorrection
300,1.2259,1.7579,2.4911,,Original
300,0.9711,1.6741,1.8858,2016-Apr-01,PreIRCorrection
300,1.8073,2.736,5.0572,2016-Jun-14,PostIRCorrection
301,1.0814,1.4913,1.9623,,Original
301,,,,,
301,,,,,
302,1.2961,1.2523,2.0645,,Original
302,1.319,1.0967,1.7273,2016-Apr-01,PreIRCorrection
302,1.9797,2.5439,4.4993,2016-Jun-14,PostIRCorrection
303,0.9898,1.3617,2.1829,,Original
303,0.8006,1.1012,1.4773,2016-Apr-01,PreIRCorrection
303,1.6489,2.5876,4.2162,2016-Apr-16,PostIRCorrection
304,1.6909,1.8907,3.3012,,Original
304,1.5895,1.7612,2.4333,2016-Apr-06,PreIRCorrection
304,2.176,3.13,5.7808,2016-Jun-14,PostIRCorrection
305,1.252,1.8402,2.7776,,Original
305,1.0499,1.5909,1.96,2016-Apr-06,PreIRCorrection
305,1.6285,2.6032,4.4107,2016-Apr-16,PostIRCorrection
306,1.2245,1.7022,2.3404,,Original
306,0.8779,1.3508,1.4164,2016-Apr-06,PreIRCorrection
306,1.6455,2.6086,4.6116,2016-Apr-16,PostIRCorrection
307,1.1752,1.6197,2.499,,Original
307,1.002,1.3376,1.9257,2016-Feb-26,PreIRCorrection
307,1.6694,2.3193,4.9134,2016-Jun-14,PostIRCorrection
308,1.3789,2.0279,2.7404,,Original
308,1.0944,1.7469,1.7972,2016-Apr-06,PreIRCorrection
308,1.8995,2.9122,6.0105,2016-Apr-16,PostIRCorrection
309,0.9965,1.1907,1.9593,,Original
309,0.9077,1.0641,1.6664,2016-Jun-13,PreIRCorrection
309,1.4944,1.9247,3.6323,2016-Jun-16,PostIRCorrection
310,1.4597,1.957,2.649,,Original
310,1.3305,1.9637,1.8837,2016-Jun-13,PreIRCorrection
310,2.7588,4.4862,7.7841,2016-Jun-16,PostIRCorrection
311,1.0435,1.257,1.9496,,Original
311,0.911,1.0976,1.614,2016-Apr-06,PreIRCorrection
311,1.544,2.1689,3.6794,2016-Jun-14,PostIRCorrection
312,1.1066,1.3759,1.9937,,Original
312,0.8436,1.0474,1.4399,2016-Apr-06,PreIRCorrection
312,1.5183,1.8794,3.7847,2016-Apr-20,PostIRCorrection
313,0.967,1.1394,1.6039,,Original
313,0.7486,0.9078,1.1248,2016-Apr-06,PreIRCorrection
313,1.6357,2.0167,3.9381,2016-Apr-20,PostIRCorrection
314,1.405,1.6997,2.2009,,Original
314,0.9556,1.4872,1.3438,2016-Feb-24,PreIRCorrection
314,1.7841,2.84,5.2513,2016-May-01,PostIRCorrection
315,0.95,1.1324,1.7404,,Original
315,,,,,
315,,,,,
316,0.9244,1.1143,1.642,,Original
316,,,,,
316,,,,,
317,0.9155,1.1495,1.5804,,Original
317,0.7648,0.9304,1.3085,2016-Mar-18,PreIRCorrection
317,1.5397,1.8433,3.9878,2016-Apr-07,PostIRCorrection
318,1.0335,1.2208,2.0064,,Original
318,0.8834,1.0523,1.5853,2016-Mar-18,PreIRCorrection
318,1.5053,1.8036,3.9726,2016-Apr-20,PostIRCorrection
319,0.7626,0.8479,1.2952,,Original
319,0.4829,0.5718,0.8309,2016-Mar-18,PreIRCorrection
319,1.3464,1.632,3.5071,2016-May-01,PostIRCorrection
320,0.9098,1.1315,1.6161,,Original
320,0.6336,0.8147,1.0958,2016-Mar-18,PreIRCorrection
320,1.4221,1.8054,3.3865,2016-May-01,PostIRCorrection
321,1.2625,1.8817,2.5679,,Original
321,,,,,
321,,,,,
322,1.0747,1.2917,2.1481,,Original
322,,,,,
322,,,,,
323,1.4165,1.8502,2.8119,,Original
323,0.9307,1.386,1.6954,2016-Mar-18,PreIRCorrection
323,1.8233,2.665,4.688,2016-Apr-29,PostIRCorrection
324,1.2365,1.7404,2.7315,,Original
324,0.942,1.5139,1.7608,2016-Mar-18,PreIRCorrection
324,1.6708,2.5861,4.596,2016-May-01,PostIRCorrection
325,1.0442,1.2871,1.9758,,Original
325,0.8491,1.0413,1.5315,2016-Mar-18,PreIRCorrection
325,1.5686,2.0056,3.8124,2016-Apr-13,PostIRCorrection
326,1.2284,1.6618,2.7014,,Original
326,,,,,
326,,,,,
327,1.2225,1.761,2.3222,,Original
327,0.9025,1.3778,1.5195,2016-Mar-18,PreIRCorrection
327,1.8895,2.7612,5.7578,2016-Jun-23,PostIRCorrection
328,1.1402,1.7737,2.0989,,Original
328,0.8708,1.453,1.4988,2016-Mar-18,PreIRCorrection
328,1.6902,2.5482,4.6125,2016-Jun-21,PostIRCorrection
329,1.1073,1.7658,2.2189,,Original
329,0.9626,1.5632,1.6555,2016-Mar-18,PreIRCorrection
329,1.627,2.529,3.9128,2016-Jun-21,PostIRCorrection
330,1.168,1.9156,2.0415,,Original
330,0.9514,1.5429,1.5796,2016-Mar-18,PreIRCorrection
330,1.7462,2.8741,4.0529,2016-Jun-21,PostIRCorrection
331,0.9075,1.1172,1.5568,,Original
331,0.6983,0.8658,1.0352,2016-Mar-18,PreIRCorrection
331,1.5543,1.9007,4.1262,2016-Apr-16,PostIRCorrection
332,NaN,NaN,NaN,,Original
332,,,,,
332,,,,,
333,0.9706,1.3542,1.7206,,Original
333,0.7765,1.0669,1.2975,2016-Mar-18,PreIRCorrection
333,1.6027,2.0724,4.1526,2016-Jun-14,PostIRCorrection
334,1.1111,1.7117,2.2639,,Original
334,0.7339,1.278,1.3165,2016-Mar-18,PreIRCorrection
334,1.6586,2.5436,4.4407,2016-Jun-21,PostIRCorrection
335,0.8875,1.0737,1.575,,Original
335,0.692,0.8524,1.0857,2016-Mar-18,PreIRCorrection
335,1.4684,1.7005,3.7507,2016-Apr-13,PostIRCorrection
336,1.3288,1.9747,2.8502,,Original
336,0.7339,1.278,1.3165,2016-Mar-18,PreIRCorrection
336,2.3165,2.8521,6.2297,2016-Jun-23,PostIRCorrection
337,1.1788,1.7846,2.5586,,Original
337,,,,,
337,,,,,
338,0.8928,1.0658,1.6899,,Original
338,0.695,0.8377,1.2424,2016-Mar-18,PreIRCorrection
338,1.4624,2.0315,4.0971,2016-Mar-23,PostIRCorrection
339,0.9559,1.1576,1.8123,,Original
339,0.6701,0.8238,1.1063,2016-Mar-18,PreIRCorrection
339,1.5902,1.9435,4.0684,2016-Jun-21,PostIRCorrection
340,1.2567,1.7656,2.528,,Original
340,0.9743,1.4206,1.8524,2016-Mar-18,PreIRCorrection
340,1.7905,2.7443,4.8976,2016-Jun-21,PostIRCorrection
341,0.5209,0.6731,0.8965,,Original
341,0.6404,0.8534,1.0642,2016-Feb-24,PreIRCorrection
341,1.9183,2.3412,4.7964,2016-Jun-13,PostIRCorrection
342,1.1958,1.6905,2.4895,,Original
342,0.674,1.2144,1.2489,2016-Feb-26,PreIRCorrection
342,2.4776,3.781,6.5502,2016-Jun-14,PostIRCorrection
343,1.0102,1.5314,2.2169,,Original
343,,,,,
343,,,,,
344,1.0017,1.2004,1.7338,,Original
344,0.7495,0.9426,1.2576,2016-Mar-18,PreIRCorrection
344,1.6891,1.8817,5.0737,2016-Mar-23,PostIRCorrection
345,0.773,0.9052,1.4604,,Original
345,0.5878,0.7261,1.0384,2016-Mar-18,PreIRCorrection
345,1.6657,2.0233,4.645,2016-Jun-24,PostIRCorrection
346,1.3857,1.9065,2.8829,,Original
346,,,,,
346,,,,,
347,1.2908,1.9831,2.5496,,Original
347,1.0594,1.6811,1.8422,2016-Mar-18,PreIRCorrection
347,1.7639,2.8105,4.5321,2016-Apr-29,PostIRCorrection
348,1.0406,1.2474,1.9408,,Original
348,,,,,
348,,,,,
349,1.0927,1.5967,2.0418,,Original
349,0.6927,1.1508,1.1854,2016-Mar-18,PreIRCorrection
349,1.6825,2.6331,4.2497,2016-Jun-23,PostIRCorrection
350,0.9986,1.461,1.9398,,Original
350,,,,,
350,,,,,
351,1.2511,1.935,2.5379,,Original
351,0.9714,1.6374,1.7418,2016-Feb-26,PreIRCorrection
351,1.6296,2.6299,4.4952,2016-Jun-15,PostIRCorrection
352,1.6752,2,3.0806,,Original
352,1.4361,1.6683,2.161,2016-Mar-18,PreIRCorrection
352,2.2462,2.9199,5.1315,2016-Jun-21,PostIRCorrection
353,1.3706,1.8387,2.9398,,Original
353,1.149,1.6024,2.143,2016-Mar-18,PreIRCorrection
353,1.8604,2.8973,5.3114,2016-Apr-16,PostIRCorrection
354,1.0285,1.214,1.9472,,Original
354,0.8378,0.9351,1.4479,2016-Mar-18,PreIRCorrection
354,1.6486,2.1045,4.0631,2016-Apr-16,PostIRCorrection
355,0.9697,1.1663,1.8264,,Original
355,0.6591,0.8299,1.188,2016-Feb-26,PreIRCorrection
355,2.1216,2.6225,5.4384,2016-Jun-13,PostIRCorrection
356,1.1411,1.6495,2.3297,,Original
356,0.9502,1.6132,1.7891,2016-Feb-26,PreIRCorrection
356,1.7585,2.7763,4.7871,2016-Jun-13,PostIRCorrection
357,1.2959,1.9894,2.8535,,Original
357,1.0427,1.7152,2.0459,2016-Feb-26,PreIRCorrection
357,1.9262,3.1006,5.4128,2016-Jun-13,PostIRCorrection
358,0.815,1.0003,1.4605,,Original
358,0.811,0.9847,1.4868,2016-Mar-03,PreIRCorrection
358,1.4643,1.9455,3.4335,2016-Jun-21,PostIRCorrection
359,NaN,NaN,NaN,,Original
360,0.9009,1.1862,1.5329,,Original
361,0.9106,1.0697,1.6496,,Original
362,0.9964,1.7913,1.821,,Original
363,1.936856745,2.953552492,6.008472249,,
364,1.561016635,2.513261649,4.417007874,,
365,1.481368754,2.432383245,4.368026976,,
366,3.131713992,2.857648283,6.245622015,2016-Sep-26,Original
367,2.892570893,2.637307692,5.774315789,2016-Sep-26,Original
368,2.845629071,2.535855397,5.311881399,2016-Sep-29,Original
369,2.854074182,2.54256537,5.363529089,2016-Sep-29,Original
370,2.907983583,2.567387493,5.61308459,2016-Sep-29,Original
371,2.799948895,2.437188612,5.403155819,2016-Sep-29,Original
372,2.888110006,2.538981481,5.5062249,2016-Sep-29,Original
373,2.758083966,2.493076302,5.179576431,2016-Sep-29,Original
374,2.752008032,2.48429003,5.449304175,2016-Sep-29,Original
375,2.887996718,2.674791011,5.644329897,2016-Sep-29,Original
376,2.82479701,2.543825441,5.520806045,2016-Sep-29,Original
377,2.854568616,2.54772093,5.597002725,2016-Sep-29,Original
378,2.805244,2.479229919,5.415217391,2016-Sep-29,Original
379,2.7997,2.616786616,5.534097648,2016-Oct-07,Original
380,2.809939759,2.513144012,5.418586641,2016-Oct-07,Original
381,2.886302781,2.50779479,5.519343545,2016-Oct-07,Original
382,2.9054,2.523508975,5.643988776,2016-Oct-07,Original
383,2.859249603,2.637697375,5.352068746,2016-Oct-07,Original
384,2.682341681,2.414646755,5.147107438,2016-Oct-07,Original
385,2.742666924,2.468090649,5.122544603,2016-Oct-07,Original
386,2.854797594,2.611660448,5.491761475,2016-Oct-07,Original
387,2.753241457,2.491194808,5.272906006,2016-Oct-07,Original
388,2.85644109,2.568595422,5.482150749,2016-Oct-07,Original
389,2.942939481,2.518090114,5.73122449,2016-Oct-07,Original
390,2.88622259,2.639424896,5.473519027,2016-Oct-07,Original
391,2.911298482,2.526533829,5.570414495,2016-Oct-07,Original
392,2.840671073,2.476498615,5.524073159,2016-Oct-07,Original
393,2.794217348,2.492861908,5.519645495,2016-Oct-07,Original
394,2.803010537,2.478804911,5.430719378,2016-Oct-07,Original
395,2.877385892,2.652661779,5.686605923,2016-Oct-07,Original
396,2.983291412,2.653403643,5.850951374,2016-Oct-07,Original
397,2.930331126,2.594277674,5.58123108,2016-Oct-07,Original
398,2.81738255,2.505959606,5.481479869,2016-Oct-07,Original
399,2.736435644,2.418022747,5.335521236,2016-Oct-07,Original
400,2.816907164,2.401916376,5.471031746,2016-Oct-07,Original
401,2.818652144,2.470279407,5.476984127,2016-Oct-07,Original
402,2.840068611,2.562567066,5.453754941,2016-Oct-07,Original
403,2.503129252,2.267392421,4.807839721,2016-Oct-07,Original
404,2.980727125,2.679105928,5.840677966,2016-Oct-07,Original
405,2.931034483,2.567379182,5.569556452,2016-Oct-07,Original
406,2.708941896,2.469402319,5.29292543,2016-Oct-07,Original
407,2.68879385,2.350785687,5.16830385,2016-Oct-07,Original
408,2.999311178,2.651634615,5.867446809,2016-Oct-07,Original
409,2.867791331,2.581682243,5.580606061,2016-Oct-07,Original
410,NaN,NaN,NaN,,
411,2.886278827,2.529010967,5.613184584,2016-Oct-07,Original
412,2.59718706,2.371489726,4.808854167,2016-Oct-07,Original
413,2.909926342,2.626210826,5.664223942,2016-Oct-07,Original
414,2.719293449,2.359318656,5.395507813,2016-Oct-07,Original
415,2.935917175,2.508983666,5.347969052,2016-Oct-07,Original
416,3.296839982,2.870341463,6.523503326,2017-Apr-03,Original
417,3.051449275,2.870204479,5.967004049,2017-Apr-03,Original
418,2.81202577,2.579947461,5.415992647,2017-Apr-03,Original
419,2.890284593,2.583508772,5.578030303,2017-Apr-03,Original
420,2.856547042,2.512883959,5.433763838,2017-Apr-03,Original
421,2.697163769,2.444444444,5.118055556,2017-Apr-03,Original
422,2.506552076,2.23837386,4.743478261,2017-Apr-03,Original
423,2.703730932,2.445719036,5.083275743,2017-Apr-03,Original
424,2.705120551,2.393498578,5.268694097,2017-Apr-03,Original
425,2.959839357,2.615794144,5.680154143,2017-Apr-03,Original
426,2.809628217,2.466359833,5.496643044,2017-Apr-03,Original
427,2.715483871,2.534451613,4.993728814,2017-Apr-03,Original
428,2.687511395,2.42600288,5.250578807,2017-Apr-03,Original
429,2.829423077,2.483206751,5.439186691,2017-Apr-03,Original
430,2.724584104,2.404077472,5.162872154,2017-Apr-03,Original
431,3.062165671,2.709650735,6.0226762,2017-Apr-03,Original
432,2.752567694,2.49618967,5.449168207,2017-Apr-03,Original
433,2.827139775,2.528301887,5.636711281,2017-Apr-03,Original
434,3.08541503,2.71252302,6.175681342,2017-Apr-03,Original
435,2.755374836,2.465044322,5.284510577,2017-Apr-03,Original
436,2.953907816,2.539190353,5.814595661,2017-Apr-03,Original
437,2.831665063,2.493305085,5.704507998,2017-Apr-03,Original
438,2.845515911,2.554362881,5.436256448,2017-Apr-03,Original
439,2.728997917,2.331817283,5.350272232,2017-Apr-03,Original
440,2.794312796,2.438378825,5.264285714,2017-Apr-03,Original
441,3.041864302,2.739598811,6.097560976,2017-Apr-03,Original
442,2.840761262,2.530472103,5.350272232,2017-Apr-03,Original
443,2.85106383,2.58313253,5.647509579,2017-Apr-03,Original
